{
  "best_model": "xgboost",
  "test_set_size": 14728,
  "core_metrics": {
    "accuracy": 0.6966322650733298,
    "balanced_accuracy": 0.671537324899679,
    "precision_macro": 0.6966495774136412,
    "precision_weighted": 0.694163536488591,
    "recall_macro": 0.671537324899679,
    "recall_weighted": 0.6966322650733298,
    "f1_macro": 0.6807777554292725,
    "f1_weighted": 0.6933781332967714,
    "roc_auc_ovr_macro": 0.9056980816479234,
    "pr_auc_ovr_macro": 0.7476011519852079,
    "matthews_corrcoef": 0.5752370899750006,
    "cohen_kappa": 0.5742374816505752,
    "log_loss": 0.6665568332631617,
    "brier_score_ovr_mean": 0.10165054686529341
  },
  "bootstrap_confidence_intervals": {
    "accuracy": {
      "mean": 0.6965680336773492,
      "ci_lower": 0.6890243074416078,
      "ci_upper": 0.7037632400869093,
      "ci_level": 0.95,
      "n_bootstrap": 1000
    },
    "f1_macro": {
      "mean": 0.6807620043989362,
      "ci_lower": 0.6725565890664056,
      "ci_upper": 0.6892386998100453,
      "ci_level": 0.95,
      "n_bootstrap": 1000
    }
  },
  "calibration_curves": {
    "high_risk": {
      "prob_true": [
        0.0,
        0.0006788866259334691,
        0.0013577732518669382,
        0.010869565217391304,
        0.027834351663272233,
        0.109979633401222,
        0.3023097826086957,
        0.5308893414799728,
        0.7284453496266123,
        0.911744738628649
      ],
      "prob_pred": [
        0.0009439439513633912,
        0.002323985470219238,
        0.0045671896521856875,
        0.009971757888864808,
        0.027918269218546916,
        0.1034053599630095,
        0.2981193166874025,
        0.5354305485115517,
        0.7278166703844426,
        0.9058368272386436
      ]
    },
    "needs_improvement": {
      "prob_true": [
        0.006109979633401222,
        0.02240325865580448,
        0.0726408689748812,
        0.11956521739130435,
        0.22606924643584522,
        0.3224711473183978,
        0.4076086956521739,
        0.5071283095723014,
        0.6293279022403259,
        0.7216564833672776
      ],
      "prob_pred": [
        0.006953400732439693,
        0.028460028855090875,
        0.07254141963416431,
        0.12852942393384065,
        0.2184495578614207,
        0.3117815624550744,
        0.409585132000401,
        0.5122849960272117,
        0.6215351166485608,
        0.7353537903702834
      ]
    },
    "almost_ready": {
      "prob_true": [
        0.0,
        0.0006788866259334691,
        0.006788866259334691,
        0.06182065217391304,
        0.17243720298710116,
        0.3346911065852003,
        0.5183423913043478,
        0.6198234894772573,
        0.7257298031228785,
        0.8940936863543788
      ],
      "prob_pred": [
        0.00023363648134398953,
        0.0014320154131711976,
        0.00979608962045526,
        0.05456730470051179,
        0.17047181585392657,
        0.33696964572298227,
        0.5014356262172046,
        0.6306732244744078,
        0.7433614344800805,
        0.8972924847790601
      ]
    },
    "ready": {
      "prob_true": [
        0.0,
        0.0,
        0.0,
        0.0006793478260869565,
        0.0013577732518669382,
        0.009504412763068567,
        0.025815217391304348,
        0.0855397148676171,
        0.23896809232858113,
        0.6442634080108622
      ],
      "prob_pred": [
        3.166329721502089e-05,
        0.00011165542461398723,
        0.0003567533127829029,
        0.0009043579653418577,
        0.0027652518475682394,
        0.008458445766069455,
        0.023422136058165368,
        0.06995472348644793,
        0.22682487456291126,
        0.6587392464229548
      ]
    }
  },
  "cross_validation": {
    "ten_fold_cv": {
      "mean": 0.6785039013465517,
      "std": 0.005365243428656853,
      "scores": [
        0.6821360642936601,
        0.6719237888282166,
        0.6855115189619536,
        0.6737599278931707,
        0.687291708261295,
        0.68135742885904,
        0.6776187201725113,
        0.6762355023366294,
        0.6702426106080994,
        0.678961743250941
      ]
    },
    "repeated_cv_5x3": {
      "mean": 0.677893156258379,
      "std": 0.004591641679398835,
      "scores": [
        0.6732583736863946,
        0.6778312446374599,
        0.6807427047258272,
        0.6750788309134671,
        0.6754663499843212,
        0.6722291772106948,
        0.6834950809642364,
        0.6844268444890261,
        0.6753582431678131,
        0.6758630741956959,
        0.6877379989160137,
        0.6744991085209504,
        0.6815470880373906,
        0.6787651084035691,
        0.6720981160228234
      ]
    }
  },
  "overfitting_diagnosis": {
    "train_sizes": [
      4712,
      13195,
      21678,
      30161,
      38644,
      47127
    ],
    "train_scores_mean": [
      0.999855624905113,
      0.9556252794100297,
      0.8993094301920417,
      0.857280629385542,
      0.830404913047851,
      0.808893259026128
    ],
    "val_scores_mean": [
      0.6493598612147246,
      0.6629181745334114,
      0.6679378960216837,
      0.6728616680352797,
      0.6737314728799101,
      0.6768450524885835
    ],
    "gap_at_full_training_size": 0.13204820653754445,
    "diagnosis": "overfitting (train score notably exceeds CV score)"
  },
  "validation_curve": {
    "param_name": "max_depth",
    "param_range": [
      "2",
      "3",
      "4",
      "5",
      "6",
      "8"
    ],
    "train_scores_mean": [
      0.6741810396341585,
      0.6934998944345885,
      0.7187182814688864,
      0.756085439894019,
      0.8088792750419239,
      0.9406673783812532
    ],
    "val_scores_mean": [
      0.6633603389167297,
      0.6713747279699213,
      0.674814628417845,
      0.676256323451004,
      0.6768585929312424,
      0.6751005860722958
    ]
  },
  "per_data_source_performance": {
    "real_oulad": {
      "n": 6496,
      "accuracy": 0.7244458128078818,
      "f1_macro": 0.6497569473086159
    },
    "real_uci": {
      "n": 223,
      "accuracy": 0.9506726457399103,
      "f1_macro": 0.9420793613888243
    },
    "synthetic_calibrated": {
      "n": 8009,
      "accuracy": 0.6669996254214009,
      "f1_macro": 0.6669946433289163
    }
  }
}